[
{"args":null,"executionTime":151,"paramTypes":["android.os.Bundle"],"method":"onReadyForSpeech"},
{"args":0.2802461087703705,"executionTime":123,"paramTypes":["double"],"method":"onRmsChanged"},
{"args":0.004666585475206375,"executionTime":58,"paramTypes":["double"],"method":"onRmsChanged"},
{"args":0.013922806829214096,"executionTime":62,"paramTypes":["double"],"method":"onRmsChanged"},
{"args":0.06136108189821243,"executionTime":56,"paramTypes":["double"],"method":"onRmsChanged"},
{"args":0.06602486222982407,"executionTime":61,"paramTypes":["double"],"method":"onRmsChanged"},
{"args":0.10659771412611008,"executionTime":64,"paramTypes":["double"],"method":"onRmsChanged"},
{"args":0.09696675091981888,"executionTime":60,"paramTypes":["double"],"method":"onRmsChanged"},
{"args":0.05815652012825012,"executionTime":62,"paramTypes":["double"],"method":"onRmsChanged"},
{"args":0.10370223224163055,"executionTime":58,"paramTypes":["double"],"method":"onRmsChanged"},
{"args":0.06327150762081146,"executionTime":61,"paramTypes":["double"],"method":"onRmsChanged"},
{"args":0.12739238142967224,"executionTime":62,"paramTypes":["double"],"method":"onRmsChanged"},
{"args":0.07265843451023102,"executionTime":80,"paramTypes":["double"],"method":"onRmsChanged"},
{"args":0.1270366609096527,"executionTime":36,"paramTypes":["double"],"method":"onRmsChanged"},
{"args":0.162661612033844,"executionTime":58,"paramTypes":["double"],"method":"onRmsChanged"},
{"args":0.7249644994735718,"executionTime":57,"paramTypes":["double"],"method":"onRmsChanged"},
{"args":0.8256283402442932,"executionTime":82,"paramTypes":["double"],"method":"onRmsChanged"},
{"args":0.7535380125045776,"executionTime":49,"paramTypes":["double"],"method":"onRmsChanged"},
{"args":0.7535622715950012,"executionTime":60,"paramTypes":["double"],"method":"onRmsChanged"},
{"args":0.7021471858024597,"executionTime":59,"paramTypes":["double"],"method":"onRmsChanged"},
{"args":null,"executionTime":30,"paramTypes":null,"method":"onBeginningOfSpeech"},
{"args":0.43380501866340637,"executionTime":48,"paramTypes":["double"],"method":"onRmsChanged"},
{"args":0.6013249158859253,"executionTime":38,"paramTypes":["double"],"method":"onRmsChanged"},
{"args":0.5478532910346985,"executionTime":57,"paramTypes":["double"],"method":"onRmsChanged"},
{"args":0.613890528678894,"executionTime":58,"paramTypes":["double"],"method":"onRmsChanged"},
{"args":0.5897115468978882,"executionTime":81,"paramTypes":["double"],"method":"onRmsChanged"},
{"args":0.4564436972141266,"executionTime":48,"paramTypes":["double"],"method":"onRmsChanged"},
{"args":0.3125065267086029,"executionTime":62,"paramTypes":["double"],"method":"onRmsChanged"},
{"args":0.24988150596618652,"executionTime":57,"paramTypes":["double"],"method":"onRmsChanged"},
{"args":0.09352279454469681,"executionTime":60,"paramTypes":["double"],"method":"onRmsChanged"},
{"args":0.10330814123153687,"executionTime":152,"paramTypes":["double"],"method":"onRmsChanged"},
{"args":0.0778115913271904,"executionTime":23,"paramTypes":["double"],"method":"onRmsChanged"},
{"args":0.1334826797246933,"executionTime":58,"paramTypes":["double"],"method":"onRmsChanged"},
{"args":0.14354106783866882,"executionTime":58,"paramTypes":["double"],"method":"onRmsChanged"},
{"args":0.10625717788934708,"executionTime":70,"paramTypes":["double"],"method":"onRmsChanged"},
{"args":0.1457330882549286,"executionTime":60,"paramTypes":["double"],"method":"onRmsChanged"},
{"args":0.0948493555188179,"executionTime":60,"paramTypes":["double"],"method":"onRmsChanged"},
{"args":0.07299099117517471,"executionTime":62,"paramTypes":["double"],"method":"onRmsChanged"},
{"args":0.0666271448135376,"executionTime":58,"paramTypes":["double"],"method":"onRmsChanged"},
{"args":0.08982635289430618,"executionTime":59,"paramTypes":["double"],"method":"onRmsChanged"},
{"args":null,"executionTime":58,"paramTypes":null,"method":"onSilenceDetected"},
{"args":0.06364832073450089,"executionTime":1,"paramTypes":["double"],"method":"onRmsChanged"},
{"args":0.06364832073450089,"executionTime":1,"paramTypes":["double"],"method":"onRmsChanged"},
{"args":{"utterance":"abcd", "name": "MobileSens",
"action":  "{\"action\":\"AuthenticationRequiredAction_v1\",\"actionToPerform\":{\"action\":\"SimpleErrorAction_v1\", \"message\":\"running shoes\"}}"},
"executionTime":300,"paramTypes":["com.amazon.shopapp.voice.communication.RecognitionResponse"],"method":"onBluefrontResults"}
]
